FrameID,PalmX,PalmY,PalmZ
705233,127.9570083618164,96.8563003540039,96.8563003540039
705234,126.75552368164062,96.9664535522461,96.9664535522461
705235,126.0980224609375,97.1771011352539,97.1771011352539
705236,124.43201446533203,95.93058013916016,95.93058013916016
705237,122.3106918334961,95.15642547607422,95.15642547607422
705238,118.2470932006836,89.37267303466797,89.37267303466797
705239,116.88941192626953,88.18212127685547,88.18212127685547
705240,115.6569595336914,87.56108856201172,87.56108856201172
705241,111.6568603515625,85.02552795410156,85.02552795410156
705242,109.61602020263672,83.30101013183594,83.30101013183594
705243,107.01628112792969,80.803955078125,80.803955078125
705244,104.15899658203125,79.31780242919922,79.31780242919922
705245,101.47298431396484,77.53540802001953,77.53540802001953
705246,98.88152313232422,76.16803741455078,76.16803741455078
705247,95.91930389404297,74.97435760498047,74.97435760498047
705248,93.12743377685547,73.6281509399414,73.6281509399414
705249,90.37428283691406,72.80169677734375,72.80169677734375
705250,87.4399185180664,71.31122589111328,71.31122589111328
705251,84.57603454589844,69.9307861328125,69.9307861328125
705252,80.33367919921875,67.25601959228516,67.25601959228516
705253,78.07451629638672,65.13539123535156,65.13539123535156
705254,73.9560546875,63.513919830322266,63.513919830322266
705255,72.11104583740234,63.10136032104492,63.10136032104492
705256,68.82926177978516,62.17817306518555,62.17817306518555
705257,61.94624328613281,59.543087005615234,59.543087005615234
705258,60.82632827758789,59.00864791870117,59.00864791870117
705259,59.15880584716797,58.56130599975586,58.56130599975586
705260,55.618804931640625,57.23857116699219,57.23857116699219
705261,54.11034393310547,56.45884704589844,56.45884704589844
705262,52.34238052368164,55.41481018066406,55.41481018066406
705263,51.113555908203125,54.923492431640625,54.923492431640625
705264,50.304908752441406,54.49965286254883,54.49965286254883
705265,49.43181610107422,54.382667541503906,54.382667541503906
705266,47.8598747253418,52.77058792114258,52.77058792114258
705267,46.2387809753418,51.71399688720703,51.71399688720703
705268,45.212684631347656,51.52120590209961,51.52120590209961
705269,43.728240966796875,50.7194709777832,50.7194709777832
705270,42.74089431762695,50.49818801879883,50.49818801879883
705271,41.91537857055664,50.0387077331543,50.0387077331543
705272,41.92137145996094,49.66202926635742,49.66202926635742
705273,41.69171905517578,49.677249908447266,49.677249908447266
705274,40.044307708740234,50.3271369934082,50.3271369934082
705275,39.4560546875,50.32291793823242,50.32291793823242
705276,39.10289764404297,50.24832534790039,50.24832534790039
705277,38.97007369995117,50.16481018066406,50.16481018066406
705278,39.65497970581055,50.546470642089844,50.546470642089844
705279,39.98857116699219,50.75072479248047,50.75072479248047
705280,40.35407638549805,51.74668884277344,51.74668884277344
705281,39.664241790771484,52.262332916259766,52.262332916259766
705282,38.350826263427734,52.13165283203125,52.13165283203125
705283,38.543128967285156,52.934173583984375,52.934173583984375
705284,37.592735290527344,52.425785064697266,52.425785064697266
705285,37.44545364379883,53.5601921081543,53.5601921081543
705286,37.13884735107422,54.31568908691406,54.31568908691406
705287,36.86723327636719,55.01216506958008,55.01216506958008
705288,36.51396560668945,55.87544631958008,55.87544631958008
705289,35.827476501464844,56.80440139770508,56.80440139770508
705290,35.19609451293945,57.414451599121094,57.414451599121094
705291,34.39459228515625,58.5118293762207,58.5118293762207
705292,32.651695251464844,62.10557174682617,62.10557174682617
705293,32.22703552246094,62.69731903076172,62.69731903076172
705294,29.524520874023438,62.395347595214844,62.395347595214844
705295,26.81830596923828,62.98909378051758,62.98909378051758
705296,23.14487075805664,64.89240264892578,64.89240264892578
705297,22.48239517211914,65.40957641601562,65.40957641601562
705298,21.66927719116211,67.40641021728516,67.40641021728516
705299,21.12980079650879,70.12229919433594,70.12229919433594
705300,20.429054260253906,72.62110900878906,72.62110900878906
705301,19.682802200317383,74.2742691040039,74.2742691040039
705302,19.108177185058594,75.42247009277344,75.42247009277344
705303,18.755142211914062,76.20379638671875,76.20379638671875
705304,18.239032745361328,76.05008697509766,76.05008697509766
705305,17.690731048583984,75.97782135009766,75.97782135009766
705306,17.246126174926758,75.980224609375,75.980224609375
705307,16.7264404296875,76.07005310058594,76.07005310058594
705308,15.888290405273438,76.2682876586914,76.2682876586914
705309,15.29639720916748,77.05638885498047,77.05638885498047
705310,14.750726699829102,77.55175018310547,77.55175018310547
705311,13.353187561035156,77.27721405029297,77.27721405029297
705312,13.011366844177246,78.87345123291016,78.87345123291016
705313,12.213940620422363,80.45170593261719,80.45170593261719
705314,11.097735404968262,81.09534454345703,81.09534454345703
705315,9.356827735900879,80.75872039794922,80.75872039794922
705316,8.843411445617676,80.38546752929688,80.38546752929688
705317,5.644002914428711,66.25041961669922,66.25041961669922
705318,4.483747482299805,67.18732452392578,67.18732452392578
705319,2.9132614135742188,64.05928039550781,64.05928039550781
705320,1.8183274269104004,62.27915573120117,62.27915573120117
705321,1.5254781246185303,62.22613525390625,62.22613525390625
705322,1.510091781616211,62.34541702270508,62.34541702270508
705323,1.4442113637924194,62.862701416015625,62.862701416015625
705324,1.4350392818450928,63.675811767578125,63.675811767578125
705325,1.7177594900131226,64.24137115478516,64.24137115478516
705326,1.948560357093811,64.75474548339844,64.75474548339844
705327,2.1128416061401367,64.8925552368164,64.8925552368164
705328,2.609131097793579,64.985595703125,64.985595703125
705329,2.8871309757232666,64.51018524169922,64.51018524169922
705330,3.1669957637786865,64.30009460449219,64.30009460449219
705331,3.439061164855957,63.9412956237793,63.9412956237793
705332,4.07567834854126,63.61631393432617,63.61631393432617
705333,4.453866004943848,63.32576370239258,63.32576370239258
705334,4.715554237365723,62.99690628051758,62.99690628051758
705335,5.181938171386719,62.42304229736328,62.42304229736328
705336,5.640443801879883,61.121665954589844,61.121665954589844
705337,5.979314804077148,60.204952239990234,60.204952239990234
705338,6.30247688293457,59.09391403198242,59.09391403198242
705339,6.30640172958374,58.70595932006836,58.70595932006836
705340,6.359371185302734,57.79460906982422,57.79460906982422
705341,6.632351398468018,56.5355339050293,56.5355339050293
705342,6.639819622039795,55.51953125,55.51953125
705343,6.814873218536377,54.449886322021484,54.449886322021484
705344,6.927225112915039,53.491024017333984,53.491024017333984
705345,7.110024452209473,51.91047286987305,51.91047286987305
705346,7.274486541748047,50.55603790283203,50.55603790283203
705347,7.360752105712891,49.784942626953125,49.784942626953125
705348,7.651306629180908,48.913997650146484,48.913997650146484
705349,7.8487348556518555,47.805274963378906,47.805274963378906
705350,7.866594314575195,47.244747161865234,47.244747161865234
705351,7.814323902130127,46.216556549072266,46.216556549072266
705352,7.79957389831543,45.572872161865234,45.572872161865234
705353,7.715075492858887,43.93621063232422,43.93621063232422
705354,7.545379161834717,43.44548034667969,43.44548034667969
705355,7.431368350982666,43.18100357055664,43.18100357055664
705356,7.348620414733887,42.799617767333984,42.799617767333984
705357,7.331294059753418,42.05089569091797,42.05089569091797
705358,7.290668487548828,41.44028091430664,41.44028091430664
705359,7.173708915710449,40.9320182800293,40.9320182800293
705360,6.800900459289551,40.01066970825195,40.01066970825195
705361,6.766722202301025,39.92219543457031,39.92219543457031
705362,5.422473430633545,36.82320785522461,36.82320785522461
705363,4.596165657043457,35.41181945800781,35.41181945800781
705364,4.3167195320129395,35.11997985839844,35.11997985839844
705365,3.622546434402466,34.493797302246094,34.493797302246094
705366,3.132711887359619,34.20332717895508,34.20332717895508
705367,2.57027268409729,33.86776351928711,33.86776351928711
705368,1.9341990947723389,33.56913375854492,33.56913375854492
705369,1.2511866092681885,32.33876037597656,32.33876037597656
705370,0.6039607524871826,31.644760131835938,31.644760131835938
705371,0.0732128918170929,31.23956298828125,31.23956298828125
705372,-0.08618618547916412,30.7701473236084,30.7701473236084
705373,-0.07938909530639648,29.6214599609375,29.6214599609375
705374,-1.1028218269348145,23.729320526123047,23.729320526123047
705375,-1.8143792152404785,25.462858200073242,25.462858200073242
705376,-1.8844609260559082,25.833654403686523,25.833654403686523
705377,-1.968652606010437,26.724971771240234,26.724971771240234
705378,-2.0640110969543457,26.790056228637695,26.790056228637695
705379,-2.154236078262329,26.758928298950195,26.758928298950195
705380,-2.189842939376831,26.60968780517578,26.60968780517578
705381,-2.138185501098633,26.30799102783203,26.30799102783203
705382,-2.0052127838134766,25.93734359741211,25.93734359741211
705383,-1.907001256942749,25.46300506591797,25.46300506591797
705384,-1.7472871541976929,25.04864501953125,25.04864501953125
705385,-1.5731979608535767,24.379606246948242,24.379606246948242
705386,-1.4882519245147705,24.02052879333496,24.02052879333496
705387,-1.4116848707199097,23.45796012878418,23.45796012878418
705388,-1.1159979104995728,22.853832244873047,22.853832244873047
705389,-0.8520719408988953,22.446863174438477,22.446863174438477
705390,-0.5703811049461365,22.07112693786621,22.07112693786621
705391,-0.255373477935791,21.545604705810547,21.545604705810547
705392,0.10591837018728256,21.01079559326172,21.01079559326172
705393,0.3462527096271515,20.73023223876953,20.73023223876953
705394,0.5147013664245605,20.54355812072754,20.54355812072754
705395,0.7160189151763916,20.388734817504883,20.388734817504883
705396,1.066698431968689,20.118303298950195,20.118303298950195
705397,1.3692915439605713,19.97931671142578,19.97931671142578
705398,1.8216700553894043,19.777915954589844,19.777915954589844
705399,2.298187732696533,19.598581314086914,19.598581314086914
705400,2.78495454788208,19.43675422668457,19.43675422668457
705401,4.855757713317871,18.541372299194336,18.541372299194336
705402,5.527651309967041,18.142488479614258,18.142488479614258
705403,7.48197603225708,17.574542999267578,17.574542999267578
705404,8.229096412658691,17.2991886138916,17.2991886138916
705405,11.117109298706055,18.114728927612305,18.114728927612305
705406,12.046359062194824,18.42040252685547,18.42040252685547
705407,13.020889282226562,18.32147216796875,18.32147216796875
705408,14.373953819274902,18.20167350769043,18.20167350769043
705409,14.915727615356445,18.477622985839844,18.477622985839844
705410,15.339457511901855,18.71767807006836,18.71767807006836
705411,15.661821365356445,19.246274948120117,19.246274948120117
705412,15.86318302154541,20.067825317382812,20.067825317382812
705413,16.408594131469727,20.61892318725586,20.61892318725586
705414,16.935142517089844,21.098743438720703,21.098743438720703
705415,17.267803192138672,21.34536361694336,21.34536361694336
705416,17.669471740722656,21.960065841674805,21.960065841674805
705417,17.979169845581055,21.98862075805664,21.98862075805664
705418,18.698408126831055,21.836915969848633,21.836915969848633
705419,19.647615432739258,22.045576095581055,22.045576095581055
705420,20.527379989624023,22.462627410888672,22.462627410888672
705421,21.058990478515625,22.983381271362305,22.983381271362305
705422,21.721548080444336,23.314041137695312,23.314041137695312
705423,22.297740936279297,23.627796173095703,23.627796173095703
705424,22.608837127685547,24.0030574798584,24.0030574798584
705425,22.934341430664062,24.337993621826172,24.337993621826172
705426,23.08524513244629,24.83187484741211,24.83187484741211
705427,23.844141006469727,25.34084701538086,25.34084701538086
705428,24.271440505981445,25.35276985168457,25.35276985168457
705429,24.624677658081055,25.64558982849121,25.64558982849121
705430,24.649059295654297,25.811344146728516,25.811344146728516
705431,25.039207458496094,26.18844223022461,26.18844223022461
705432,25.045204162597656,26.224193572998047,26.224193572998047
705433,25.232646942138672,26.61153793334961,26.61153793334961
705434,25.289852142333984,26.64032745361328,26.64032745361328
705435,25.533199310302734,26.823701858520508,26.823701858520508
705436,25.842994689941406,26.97122573852539,26.97122573852539
705437,26.17538070678711,27.04877281188965,27.04877281188965
705438,26.390779495239258,27.12233543395996,27.12233543395996
705439,26.70512580871582,26.97943115234375,26.97943115234375
705440,27.0228271484375,26.403682708740234,26.403682708740234
705441,27.22262954711914,25.877159118652344,25.877159118652344
705442,27.282726287841797,24.47064971923828,24.47064971923828
705443,28.405487060546875,22.2470760345459,22.2470760345459
705444,28.7564697265625,21.898584365844727,21.898584365844727
705445,38.9008674621582,17.035480499267578,17.035480499267578
705446,39.35434341430664,15.06934642791748,15.06934642791748
705447,39.45570373535156,13.967110633850098,13.967110633850098
705448,39.528053283691406,13.180349349975586,13.180349349975586
705449,39.527244567871094,12.369230270385742,12.369230270385742
705450,39.410396575927734,11.337469100952148,11.337469100952148
705451,39.6695556640625,9.95091438293457,9.95091438293457
705452,39.905303955078125,9.09335708618164,9.09335708618164
705453,40.00508499145508,8.86180591583252,8.86180591583252
705454,40.28975296020508,7.81553316116333,7.81553316116333
705455,38.77497100830078,5.498058795928955,5.498058795928955
705456,37.71901321411133,4.680217266082764,4.680217266082764
705457,34.91670608520508,4.314789772033691,4.314789772033691
705458,32.76637268066406,4.243856430053711,4.243856430053711
705459,31.396289825439453,4.074312210083008,4.074312210083008
705460,30.694387435913086,4.140216827392578,4.140216827392578
705461,29.329004287719727,3.838945150375366,3.838945150375366
705462,26.302417755126953,3.5294904708862305,3.5294904708862305
705463,24.342830657958984,4.844485759735107,4.844485759735107
705464,23.17613983154297,5.914309501647949,5.914309501647949
705465,21.3338680267334,6.699209690093994,6.699209690093994
705466,19.498916625976562,6.558639049530029,6.558639049530029
705467,18.965341567993164,6.266049861907959,6.266049861907959
705468,17.81824493408203,5.669330596923828,5.669330596923828
705469,16.67966651916504,5.054216384887695,5.054216384887695
705470,15.890185356140137,4.520846843719482,4.520846843719482
705471,15.33776569366455,4.15938663482666,4.15938663482666
705472,14.74056339263916,3.703927516937256,3.703927516937256
705473,14.463912963867188,4.244814395904541,4.244814395904541
705474,14.261988639831543,4.440448760986328,4.440448760986328
705475,14.025571823120117,4.383143901824951,4.383143901824951
705476,11.680892944335938,4.1328558921813965,4.1328558921813965
705477,7.529317378997803,4.88071870803833,4.88071870803833
705478,6.509519577026367,4.636830806732178,4.636830806732178
705479,4.488448619842529,3.2749431133270264,3.2749431133270264
705480,2.5058743953704834,1.8943780660629272,1.8943780660629272
705481,1.3684600591659546,0.40713727474212646,0.40713727474212646
705482,1.0413134098052979,0.39692607522010803,0.39692607522010803
705483,1.1704765558242798,4.28737211227417,4.28737211227417
705484,1.5127171277999878,6.81530237197876,6.81530237197876
705485,1.729108214378357,7.947002410888672,7.947002410888672
705486,1.8988475799560547,8.517258644104004,8.517258644104004
705487,2.0258097648620605,9.018101692199707,9.018101692199707
705488,2.2945494651794434,9.604206085205078,9.604206085205078
705489,2.4560487270355225,10.371143341064453,10.371143341064453
705490,2.7239742279052734,11.406390190124512,11.406390190124512
705491,3.1599578857421875,12.635491371154785,12.635491371154785
705492,3.628911018371582,13.886588096618652,13.886588096618652
705493,3.7992184162139893,14.86874008178711,14.86874008178711
705494,3.9579994678497314,15.462580680847168,15.462580680847168
705495,3.989057779312134,15.85992431640625,15.85992431640625
705496,3.982545852661133,16.28957176208496,16.28957176208496
705497,4.468089580535889,17.424346923828125,17.424346923828125
705498,4.784039497375488,19.748329162597656,19.748329162597656
705499,6.751486778259277,26.157747268676758,26.157747268676758
705500,6.595069885253906,27.731473922729492,27.731473922729492
705501,6.909098148345947,30.564414978027344,30.564414978027344
705502,7.179020404815674,31.500947952270508,31.500947952270508
705503,7.411106109619141,32.116458892822266,32.116458892822266
705504,7.396365165710449,32.75442886352539,32.75442886352539
705505,7.571268081665039,33.353084564208984,33.353084564208984
705506,7.701785564422607,33.8226318359375,33.8226318359375
705507,7.959531307220459,34.517337799072266,34.517337799072266
705508,7.954670429229736,35.65986251831055,35.65986251831055
705509,7.843759536743164,36.67490768432617,36.67490768432617
705510,7.807745933532715,37.52428436279297,37.52428436279297
705511,7.945494174957275,38.253318786621094,38.253318786621094
705512,8.421022415161133,38.84392166137695,38.84392166137695
705513,8.479622840881348,40.56357955932617,40.56357955932617
705514,8.873003959655762,41.058349609375,41.058349609375
705515,9.11659049987793,44.99506378173828,44.99506378173828
705516,9.087884902954102,46.3115119934082,46.3115119934082
705517,9.44176197052002,47.676761627197266,47.676761627197266
705518,10.27679443359375,48.59478759765625,48.59478759765625
705519,10.775277137756348,48.95653533935547,48.95653533935547
705520,11.949614524841309,47.99784469604492,47.99784469604492
705521,12.295893669128418,47.51253890991211,47.51253890991211
705522,12.425251960754395,47.53476333618164,47.53476333618164
705523,12.614762306213379,46.93144607543945,46.93144607543945
705524,12.804810523986816,46.3697395324707,46.3697395324707
705525,13.00493049621582,46.084808349609375,46.084808349609375
705526,13.228485107421875,45.621978759765625,45.621978759765625
705527,13.286691665649414,45.653167724609375,45.653167724609375
705528,13.312828063964844,45.76211166381836,45.76211166381836
705529,13.428366661071777,45.52836227416992,45.52836227416992
705530,13.46889591217041,45.30080795288086,45.30080795288086
705531,13.56373119354248,44.9968376159668,44.9968376159668
705532,13.600915908813477,44.893428802490234,44.893428802490234
705533,13.568058013916016,44.57846450805664,44.57846450805664
705534,13.515767097473145,44.4454231262207,44.4454231262207
705535,13.478458404541016,44.32933807373047,44.32933807373047
705536,13.53198528289795,43.716163635253906,43.716163635253906
705537,13.63215446472168,43.1995735168457,43.1995735168457
705538,13.658117294311523,42.59215545654297,42.59215545654297
705539,13.384683609008789,41.426719665527344,41.426719665527344
705540,13.215325355529785,40.55571746826172,40.55571746826172
705541,13.144250869750977,38.83112335205078,38.83112335205078
705542,13.479021072387695,37.44682312011719,37.44682312011719
705543,13.495113372802734,36.460079193115234,36.460079193115234
705544,13.70003604888916,35.32782745361328,35.32782745361328
705545,13.807538986206055,34.453304290771484,34.453304290771484
705546,13.929814338684082,33.21586608886719,33.21586608886719
705547,13.994205474853516,32.653480529785156,32.653480529785156
705548,14.045459747314453,31.617229461669922,31.617229461669922
705549,13.895337104797363,29.36360740661621,29.36360740661621
705550,13.781042098999023,27.974628448486328,27.974628448486328
705551,13.64648723602295,26.88956069946289,26.88956069946289
705552,13.571465492248535,26.247751235961914,26.247751235961914
705553,13.516433715820312,25.66878890991211,25.66878890991211
705554,13.34537124633789,24.272808074951172,24.272808074951172
705555,13.197115898132324,23.358293533325195,23.358293533325195
705556,13.186271667480469,22.543119430541992,22.543119430541992
705557,13.160444259643555,22.103118896484375,22.103118896484375
705558,12.936691284179688,21.681161880493164,21.681161880493164
705559,12.678723335266113,21.158782958984375,21.158782958984375
705560,12.48221492767334,20.606849670410156,20.606849670410156
705561,12.601303100585938,20.467988967895508,20.467988967895508
705562,12.695377349853516,20.304899215698242,20.304899215698242
705563,12.93001651763916,19.84505271911621,19.84505271911621
705564,13.025009155273438,19.526683807373047,19.526683807373047
705565,13.376367568969727,19.088016510009766,19.088016510009766
705566,13.563048362731934,18.925411224365234,18.925411224365234
705567,13.735177993774414,18.82312774658203,18.82312774658203
705568,13.922067642211914,18.719242095947266,18.719242095947266
705569,13.95616340637207,18.652559280395508,18.652559280395508
705570,14.03231430053711,18.533647537231445,18.533647537231445
705571,14.098512649536133,18.232576370239258,18.232576370239258
705572,14.235568046569824,17.970802307128906,17.970802307128906
705573,14.527907371520996,17.601133346557617,17.601133346557617
705574,14.670516014099121,17.441370010375977,17.441370010375977
705575,14.776249885559082,17.356338500976562,17.356338500976562
705576,16.47543716430664,18.24119758605957,18.24119758605957
705577,16.82010841369629,18.50074577331543,18.50074577331543
705578,16.45041847229004,10.214802742004395,10.214802742004395
705579,15.386714935302734,10.65497875213623,10.65497875213623
705580,14.627044677734375,10.967246055603027,10.967246055603027
705581,14.320634841918945,11.001656532287598,11.001656532287598
705582,14.13955307006836,11.021992683410645,11.021992683410645
705583,14.127884864807129,11.035099983215332,11.035099983215332
705584,14.117104530334473,11.047209739685059,11.047209739685059
705585,14.107884407043457,11.057567596435547,11.057567596435547
705586,14.100775718688965,11.063841819763184,11.063841819763184
705587,14.089466094970703,11.072419166564941,11.072419166564941
705588,14.077144622802734,11.114490509033203,11.114490509033203
705589,14.029341697692871,11.192688941955566,11.192688941955566
705590,14.044529914855957,11.170149803161621,11.170149803161621
705591,14.067185401916504,11.136529922485352,11.136529922485352
705592,14.280163764953613,10.972602844238281,10.972602844238281
705593,14.515275955200195,10.767976760864258,10.767976760864258
705594,14.668972969055176,10.630590438842773,10.630590438842773
705595,14.758204460144043,10.478344917297363,10.478344917297363
705596,14.74111557006836,10.415945053100586,10.415945053100586
705597,14.728099822998047,10.36842155456543,10.36842155456543
705598,14.827486038208008,10.398666381835938,10.398666381835938
705599,15.336005210876465,10.435276985168457,10.435276985168457
705600,15.706463813781738,10.546852111816406,10.546852111816406
705601,16.144323348999023,10.740221977233887,10.740221977233887
705602,16.274648666381836,10.869658470153809,10.869658470153809
705603,16.49776840209961,11.121491432189941,11.121491432189941
705604,16.596506118774414,11.264293670654297,11.264293670654297
705605,17.802230834960938,12.95906925201416,12.95906925201416
705606,18.45076560974121,14.01993465423584,14.01993465423584
705607,18.71368980407715,14.45002269744873,14.45002269744873
705608,18.803152084350586,14.777920722961426,14.777920722961426
705609,19.058069229125977,14.966144561767578,14.966144561767578
705610,19.306926727294922,15.130722999572754,15.130722999572754
705611,19.715349197387695,15.178449630737305,15.178449630737305
705612,21.54497718811035,14.793352127075195,14.793352127075195
705613,24.709278106689453,16.71909523010254,16.71909523010254
705614,27.430986404418945,17.719053268432617,17.719053268432617
705615,29.663869857788086,18.4989070892334,18.4989070892334
705616,31.632122039794922,19.104310989379883,19.104310989379883
705617,34.409908294677734,19.990673065185547,19.990673065185547
705618,37.69332504272461,20.578731536865234,20.578731536865234
705619,40.75350570678711,20.818803787231445,20.818803787231445
705620,43.62752914428711,21.401813507080078,21.401813507080078
705621,46.36481857299805,21.82841682434082,21.82841682434082
705622,49.071964263916016,22.02681541442871,22.02681541442871
705623,52.572532653808594,21.39136505126953,21.39136505126953
705624,55.692012786865234,20.88894271850586,20.88894271850586
705625,58.51630783081055,20.169734954833984,20.169734954833984
705626,60.96868896484375,18.981313705444336,18.981313705444336
705627,63.76659393310547,18.30630874633789,18.30630874633789
705628,66.63556671142578,17.741744995117188,17.741744995117188
705629,69.04736328125,17.491703033447266,17.491703033447266
705630,71.45609283447266,17.33075714111328,17.33075714111328
705631,73.52481079101562,17.578163146972656,17.578163146972656
705632,75.28455352783203,17.81525993347168,17.81525993347168
705633,77.1426010131836,18.423391342163086,18.423391342163086
705634,78.06964874267578,18.619112014770508,18.619112014770508
705635,79.94229125976562,18.91983985900879,18.91983985900879
705636,81.0233154296875,19.15198516845703,19.15198516845703
705637,81.80807495117188,19.555810928344727,19.555810928344727
705638,82.484375,20.20475959777832,20.20475959777832
705639,83.4288101196289,20.65689468383789,20.65689468383789
705640,84.0758056640625,21.078283309936523,21.078283309936523
705641,84.67913055419922,21.816608428955078,21.816608428955078
705642,84.96121978759766,22.262617111206055,22.262617111206055
705643,85.1928939819336,22.644983291625977,22.644983291625977
705644,85.11798858642578,23.47104263305664,23.47104263305664
705645,85.09598541259766,24.15384864807129,24.15384864807129
705646,85.19476318359375,24.931119918823242,24.931119918823242
705647,85.25992584228516,25.570920944213867,25.570920944213867
705648,85.25426483154297,25.90797233581543,25.90797233581543
705649,85.37689208984375,26.988718032836914,26.988718032836914
705650,85.12189483642578,27.763132095336914,27.763132095336914
705651,84.75874328613281,28.75331687927246,28.75331687927246
705652,84.10650634765625,29.7612361907959,29.7612361907959
705653,83.54854583740234,30.414907455444336,30.414907455444336
705654,82.49432373046875,32.074195861816406,32.074195861816406
705655,82.42389678955078,32.16435623168945,32.16435623168945
705656,80.70364379882812,33.70439147949219,33.70439147949219
705657,80.45838165283203,34.41934585571289,34.41934585571289
705658,80.17903900146484,35.086124420166016,35.086124420166016
705659,79.71903228759766,35.774940490722656,35.774940490722656
705660,79.53719329833984,36.1192741394043,36.1192741394043
705661,79.1087417602539,36.97709274291992,36.97709274291992
705662,78.67832946777344,37.95686721801758,37.95686721801758
705663,78.33679962158203,39.284732818603516,39.284732818603516
705664,78.0022201538086,40.40705490112305,40.40705490112305
705665,77.64740753173828,41.23135757446289,41.23135757446289
705666,77.36651611328125,41.77313995361328,41.77313995361328
705667,77.14769744873047,42.25151824951172,42.25151824951172
705668,76.96305084228516,42.65837860107422,42.65837860107422
705669,76.79420471191406,43.008453369140625,43.008453369140625
705670,76.69223022460938,43.30398178100586,43.30398178100586
705671,76.5904312133789,43.906246185302734,43.906246185302734
705672,76.5501480102539,44.64033889770508,44.64033889770508
705673,76.55317687988281,45.44288635253906,45.44288635253906
705674,76.73785400390625,46.06219482421875,46.06219482421875
705675,76.9162826538086,46.432029724121094,46.432029724121094
705676,77.05796813964844,46.824337005615234,46.824337005615234
705677,77.22384643554688,47.01570510864258,47.01570510864258
705678,77.47211456298828,47.0732536315918,47.0732536315918
705679,77.68341827392578,47.465206146240234,47.465206146240234
705680,77.9742202758789,47.6025276184082,47.6025276184082
705681,78.24211883544922,47.69560623168945,47.69560623168945
705682,78.62394714355469,47.68729782104492,47.68729782104492
705683,79.15006256103516,47.75404739379883,47.75404739379883
705684,79.54132843017578,47.680992126464844,47.680992126464844
705685,79.95957946777344,47.4680290222168,47.4680290222168
705686,80.38948822021484,47.433502197265625,47.433502197265625
705687,80.67173767089844,47.39338302612305,47.39338302612305
705688,81.13287353515625,47.267723083496094,47.267723083496094
705689,81.42137145996094,47.15983200073242,47.15983200073242
705690,81.56450653076172,47.13925552368164,47.13925552368164
705691,81.7900161743164,47.11286926269531,47.11286926269531
705692,81.9908447265625,46.92259216308594,46.92259216308594
705693,82.1388168334961,46.57476043701172,46.57476043701172
705694,82.22779083251953,46.135597229003906,46.135597229003906
705695,82.26791381835938,45.807010650634766,45.807010650634766
705696,82.32708740234375,45.6213493347168,45.6213493347168
705697,82.24717712402344,45.28166198730469,45.28166198730469
705698,82.0726089477539,43.89850616455078,43.89850616455078
705699,81.79632568359375,42.98170852661133,42.98170852661133
705700,81.5489730834961,42.14985656738281,42.14985656738281
705701,81.39020538330078,41.641143798828125,41.641143798828125
705702,81.23054504394531,41.355464935302734,41.355464935302734
705703,81.0562973022461,41.120479583740234,41.120479583740234
705704,80.80509185791016,40.887351989746094,40.887351989746094
705705,80.53012084960938,40.676788330078125,40.676788330078125
705706,80.30757141113281,40.434566497802734,40.434566497802734
705707,79.08987426757812,39.16344451904297,39.16344451904297
705708,78.9916763305664,39.019813537597656,39.019813537597656
705709,78.76222229003906,38.72320556640625,38.72320556640625
705710,78.61493682861328,38.578556060791016,38.578556060791016
705711,78.3147201538086,38.12423324584961,38.12423324584961
705712,78.18328857421875,37.70134353637695,37.70134353637695
705713,78.01741790771484,37.452999114990234,37.452999114990234
705714,77.90724182128906,37.08323669433594,37.08323669433594
705715,77.86568450927734,36.99155044555664,36.99155044555664
705716,77.87460327148438,36.856727600097656,36.856727600097656
705717,78.05359649658203,36.698707580566406,36.698707580566406
705718,78.12898254394531,36.5959587097168,36.5959587097168
705719,78.61959075927734,35.37682342529297,35.37682342529297
705720,79.0643539428711,34.71241760253906,34.71241760253906
705721,79.29141235351562,34.40196228027344,34.40196228027344
705722,79.60126495361328,33.835182189941406,33.835182189941406
705723,79.7488784790039,33.29640579223633,33.29640579223633
705724,80.02317810058594,32.79936599731445,32.79936599731445
705725,80.45208740234375,32.44081497192383,32.44081497192383
705726,81.05528259277344,32.190467834472656,32.190467834472656
705727,81.69915008544922,31.900554656982422,31.900554656982422
705728,82.3001480102539,31.442745208740234,31.442745208740234
705729,82.56361389160156,31.30159568786621,31.30159568786621
705730,82.85269927978516,31.377473831176758,31.377473831176758
705731,83.21904754638672,31.31639862060547,31.31639862060547
705732,83.67350006103516,31.429716110229492,31.429716110229492
705733,84.21495056152344,31.5205020904541,31.5205020904541
705734,84.46080780029297,31.568988800048828,31.568988800048828
705735,84.75843811035156,31.58186149597168,31.58186149597168
705736,85.16584777832031,31.869775772094727,31.869775772094727
705737,85.53050231933594,31.979976654052734,31.979976654052734
705738,85.71672821044922,32.03535842895508,32.03535842895508
705739,86.03114318847656,32.052268981933594,32.052268981933594
705740,86.15917205810547,31.96341323852539,31.96341323852539
705741,86.38169860839844,31.94635009765625,31.94635009765625
705742,86.8394775390625,32.39802169799805,32.39802169799805
705743,87.44677734375,32.74970245361328,32.74970245361328
705744,87.72090148925781,32.976070404052734,32.976070404052734
705745,87.94871520996094,33.111656188964844,33.111656188964844
705746,88.228271484375,33.32133865356445,33.32133865356445
705747,88.50945281982422,33.5988883972168,33.5988883972168
705748,88.68692016601562,33.64476013183594,33.64476013183594
705749,88.81988525390625,33.63359451293945,33.63359451293945
705750,88.9194107055664,33.620269775390625,33.620269775390625
705751,89.01431274414062,33.648948669433594,33.648948669433594
705752,89.10807037353516,33.50458908081055,33.50458908081055
705753,89.07817840576172,32.9172477722168,32.9172477722168
705754,88.93441772460938,32.451168060302734,32.451168060302734
705755,88.59095001220703,31.847164154052734,31.847164154052734
705756,88.8465347290039,31.124876022338867,31.124876022338867
705757,88.9655990600586,30.95615577697754,30.95615577697754
705758,88.95867919921875,30.554662704467773,30.554662704467773
705759,88.8748779296875,30.4124698638916,30.4124698638916
705760,88.69253540039062,29.884748458862305,29.884748458862305
705761,88.59391784667969,29.65238380432129,29.65238380432129
705762,88.64289093017578,29.21680450439453,29.21680450439453
705763,88.5423583984375,28.967620849609375,28.967620849609375
705764,88.42205047607422,28.6070613861084,28.6070613861084
705765,88.23367309570312,28.280231475830078,28.280231475830078
705766,88.11127471923828,28.017597198486328,28.017597198486328
705767,87.85970306396484,27.772109985351562,27.772109985351562
705768,87.63951110839844,27.518604278564453,27.518604278564453
705769,87.37814331054688,27.287803649902344,27.287803649902344
705770,87.13243865966797,27.19845962524414,27.19845962524414
705771,87.20063781738281,27.03595542907715,27.03595542907715
705772,87.08648681640625,26.6904296875,26.6904296875
705773,86.7215805053711,26.54317283630371,26.54317283630371
705774,86.5412826538086,27.611995697021484,27.611995697021484
705775,86.44221496582031,27.593114852905273,27.593114852905273
705776,86.22908020019531,27.862436294555664,27.862436294555664
705777,85.93621063232422,28.0723876953125,28.0723876953125
705778,85.6603775024414,28.269180297851562,28.269180297851562
705779,85.31722259521484,28.44292640686035,28.44292640686035
705780,85.0687255859375,28.620031356811523,28.620031356811523
705781,84.97442626953125,28.687366485595703,28.687366485595703
705782,84.64617156982422,28.806900024414062,28.806900024414062
705783,84.47122955322266,28.895790100097656,28.895790100097656
705784,84.36799621582031,29.000932693481445,29.000932693481445
705785,84.23877716064453,29.013334274291992,29.013334274291992
705786,84.16046142578125,29.05344009399414,29.05344009399414
705787,84.19354248046875,29.102035522460938,29.102035522460938
705788,84.2571792602539,29.352691650390625,29.352691650390625
705789,84.34203338623047,29.693387985229492,29.693387985229492
705790,84.45431518554688,30.163137435913086,30.163137435913086
705791,84.57193756103516,30.43848419189453,30.43848419189453
705792,84.69371795654297,30.685707092285156,30.685707092285156
705793,84.90086364746094,30.92034149169922,30.92034149169922
705794,85.15965270996094,31.381418228149414,31.381418228149414
705795,85.50936889648438,31.403629302978516,31.403629302978516
705796,85.62879943847656,31.15703582763672,31.15703582763672
705797,85.70020294189453,30.831178665161133,30.831178665161133
705798,85.76959991455078,30.51078224182129,30.51078224182129
705799,85.7982406616211,30.049856185913086,30.049856185913086
705800,85.8860092163086,29.727170944213867,29.727170944213867
705801,86.07479095458984,29.45446014404297,29.45446014404297
705802,86.27548217773438,29.39095115661621,29.39095115661621
705803,86.62223815917969,29.379262924194336,29.379262924194336
705804,87.08634185791016,29.442218780517578,29.442218780517578
705805,87.73204040527344,29.685047149658203,29.685047149658203
705806,88.00436401367188,29.78401756286621,29.78401756286621
705807,88.43892669677734,30.012632369995117,30.012632369995117
705808,88.9979476928711,30.447429656982422,30.447429656982422
705809,89.2158432006836,30.565338134765625,30.565338134765625
705810,89.51022338867188,30.69533920288086,30.69533920288086
705811,89.9087142944336,30.81536865234375,30.81536865234375
705812,90.13819885253906,31.01611328125,31.01611328125
705813,90.2541732788086,31.23380470275879,31.23380470275879
705814,90.35781860351562,31.276926040649414,31.276926040649414
705815,90.39835357666016,31.291261672973633,31.291261672973633
705816,90.40457153320312,31.3131160736084,31.3131160736084
705817,90.42291259765625,31.613174438476562,31.613174438476562
705818,90.41309356689453,31.742769241333008,31.742769241333008
705819,90.5500259399414,32.02680969238281,32.02680969238281
705820,90.60616302490234,32.23478317260742,32.23478317260742
705821,90.59109497070312,32.414947509765625,32.414947509765625
705822,90.11211395263672,32.4726448059082,32.4726448059082
705823,89.98369598388672,32.530269622802734,32.530269622802734
705824,89.73212432861328,32.563514709472656,32.563514709472656
705825,89.59272766113281,32.53886413574219,32.53886413574219
705826,88.60828399658203,34.16077423095703,34.16077423095703
705827,88.05266571044922,34.98289108276367,34.98289108276367
705828,87.40644836425781,35.98136520385742,35.98136520385742
705829,86.70820617675781,37.492340087890625,37.492340087890625
705830,86.54393768310547,38.39604568481445,38.39604568481445
705831,86.29077911376953,39.020957946777344,39.020957946777344
705832,85.81796264648438,39.86256790161133,39.86256790161133
705833,85.24800872802734,40.658203125,40.658203125
705834,84.9557113647461,41.17226028442383,41.17226028442383
705835,84.62382507324219,41.710975646972656,41.710975646972656
705836,84.26087188720703,42.04961395263672,42.04961395263672
705837,83.96415710449219,42.39997482299805,42.39997482299805
705838,83.23626708984375,43.516448974609375,43.516448974609375
705839,82.65917205810547,46.870296478271484,46.870296478271484
705840,82.1434555053711,48.48735809326172,48.48735809326172
705841,81.01433563232422,50.123287200927734,50.123287200927734
705842,80.30862426757812,50.693519592285156,50.693519592285156
705843,79.2597427368164,51.575233459472656,51.575233459472656
705844,78.77192687988281,52.21198654174805,52.21198654174805
705845,78.98682403564453,57.69239807128906,57.69239807128906
705846,78.60862731933594,59.59742736816406,59.59742736816406
705847,78.58519744873047,64.41220092773438,64.41220092773438
705848,78.83490753173828,66.96546936035156,66.96546936035156
705849,78.94854736328125,68.37244415283203,68.37244415283203
705850,78.8011245727539,68.6531982421875,68.6531982421875
705851,78.7523193359375,69.56774139404297,69.56774139404297
705852,78.43020629882812,69.36875915527344,69.36875915527344
705853,77.61263275146484,70.48994445800781,70.48994445800781
705854,77.338623046875,71.23223114013672,71.23223114013672
705855,77.17200469970703,71.663818359375,71.663818359375
705856,76.92207336425781,72.17638397216797,72.17638397216797
705857,76.64034271240234,72.88327026367188,72.88327026367188
705858,76.5629653930664,73.58425903320312,73.58425903320312
705859,76.76321411132812,74.2032241821289,74.2032241821289
705860,76.8096923828125,74.48400115966797,74.48400115966797
705861,76.79940032958984,74.47831726074219,74.47831726074219
705862,76.9067153930664,74.24826049804688,74.24826049804688
705863,76.65293884277344,73.73322296142578,73.73322296142578
705864,75.99300384521484,70.32088470458984,70.32088470458984
705865,75.9653549194336,67.14627838134766,67.14627838134766
705866,76.31853485107422,65.46100616455078,65.46100616455078
705867,76.59856414794922,64.43154907226562,64.43154907226562
705868,76.65816497802734,63.38080978393555,63.38080978393555
705869,77.1514663696289,63.40520477294922,63.40520477294922
705870,77.69693756103516,62.766456604003906,62.766456604003906
705871,79.01205444335938,64.01102447509766,64.01102447509766
705872,79.63487243652344,63.41578674316406,63.41578674316406
705873,80.2672119140625,62.96905517578125,62.96905517578125
705874,81.4935073852539,60.21853256225586,60.21853256225586
705875,82.22370147705078,59.04961013793945,59.04961013793945
705876,82.88004302978516,58.24715805053711,58.24715805053711
705877,83.78426361083984,57.28639602661133,57.28639602661133
705878,84.77559661865234,56.54901123046875,56.54901123046875
705879,87.07061767578125,55.75307083129883,55.75307083129883
705880,87.97618103027344,55.25027084350586,55.25027084350586
705881,89.14246368408203,50.36735153198242,50.36735153198242
705882,90.16726684570312,48.78934860229492,48.78934860229492
705883,90.99401092529297,49.312416076660156,49.312416076660156
705884,91.3387222290039,48.41459274291992,48.41459274291992
705885,91.61961364746094,48.11851501464844,48.11851501464844
705886,91.93865966796875,47.45430374145508,47.45430374145508
705887,92.46314239501953,47.14968490600586,47.14968490600586
705888,92.87926483154297,47.026336669921875,47.026336669921875
705889,93.31022644042969,46.938114166259766,46.938114166259766
705890,93.8377685546875,46.72526168823242,46.72526168823242
705891,94.20844268798828,46.526058197021484,46.526058197021484
705892,94.56573486328125,46.37399673461914,46.37399673461914
705893,95.122314453125,46.1823616027832,46.1823616027832
705894,95.5456314086914,46.04844284057617,46.04844284057617
705895,95.98628997802734,45.85240936279297,45.85240936279297
705896,96.3402328491211,45.764774322509766,45.764774322509766
705897,96.8633041381836,45.572391510009766,45.572391510009766
705898,97.32062530517578,45.33649444580078,45.33649444580078
705899,97.77040100097656,44.76348876953125,44.76348876953125
705900,97.76793670654297,44.60859680175781,44.60859680175781
705901,97.74737548828125,44.50371551513672,44.50371551513672
705902,97.73075103759766,44.432498931884766,44.432498931884766
705903,97.74787139892578,44.35509490966797,44.35509490966797
705904,97.78564453125,44.265445709228516,44.265445709228516
705905,97.86732482910156,44.065773010253906,44.065773010253906
705906,97.91722106933594,43.86799240112305,43.86799240112305
705907,97.90839385986328,43.734291076660156,43.734291076660156
705908,97.88114929199219,43.670597076416016,43.670597076416016
705909,97.86128234863281,43.6105842590332,43.6105842590332
705910,97.78669738769531,43.57826232910156,43.57826232910156
705911,97.70602416992188,43.53825759887695,43.53825759887695
705912,97.66046905517578,43.491294860839844,43.491294860839844
705913,97.55902099609375,43.42181396484375,43.42181396484375
705914,97.44773864746094,43.43872833251953,43.43872833251953
705915,96.96851348876953,43.61099624633789,43.61099624633789
705916,92.58674621582031,48.1273078918457,48.1273078918457
705917,91.61554718017578,48.97184753417969,48.97184753417969
705918,90.74182891845703,52.550479888916016,52.550479888916016
705919,90.02342224121094,52.4685173034668,52.4685173034668
705920,86.90504455566406,50.05384826660156,50.05384826660156
705921,84.21891021728516,50.51089859008789,50.51089859008789
705922,82.95240020751953,50.636962890625,50.636962890625
705923,81.36550903320312,50.93405532836914,50.93405532836914
705924,80.78080749511719,51.8943977355957,51.8943977355957
705925,79.68767547607422,52.63419723510742,52.63419723510742
705926,79.54550170898438,53.600032806396484,53.600032806396484
705927,79.179931640625,54.402645111083984,54.402645111083984
705928,80.02267456054688,58.01457214355469,58.01457214355469
705929,80.11492919921875,59.66142272949219,59.66142272949219
705930,80.04217529296875,60.850738525390625,60.850738525390625
705931,79.75543975830078,61.86319351196289,61.86319351196289
705932,80.18033599853516,64.49156188964844,64.49156188964844
705933,80.88372039794922,66.05523681640625,66.05523681640625
705934,81.64895629882812,68.30754089355469,68.30754089355469
705935,82.33832550048828,69.88394927978516,69.88394927978516
705936,82.67686462402344,71.20213317871094,71.20213317871094
705937,82.72047424316406,72.07148742675781,72.07148742675781
705938,82.67962646484375,72.44304656982422,72.44304656982422
705939,82.68479919433594,72.45975494384766,72.45975494384766
705940,82.37828063964844,69.0810775756836,69.0810775756836
705941,81.66451263427734,66.43279266357422,66.43279266357422
705942,81.43804931640625,64.84745788574219,64.84745788574219
705943,81.12971496582031,64.03831481933594,64.03831481933594
705944,81.22766876220703,64.00961303710938,64.00961303710938
705945,81.51240539550781,63.71240234375,63.71240234375
705946,82.26850891113281,62.86231231689453,62.86231231689453
705947,82.6220932006836,62.68461608886719,62.68461608886719
705948,83.15267944335938,62.33591079711914,62.33591079711914
705949,83.85102844238281,62.19763946533203,62.19763946533203
705950,84.55880737304688,61.98460388183594,61.98460388183594
705951,85.06307983398438,61.86899185180664,61.86899185180664
705952,85.58391571044922,61.764442443847656,61.764442443847656
705953,85.9094467163086,61.71589660644531,61.71589660644531
705954,86.11085510253906,61.34495544433594,61.34495544433594
705955,86.32349395751953,61.26163864135742,61.26163864135742
705956,86.6717300415039,61.143089294433594,61.143089294433594
705957,86.87617492675781,60.96978759765625,60.96978759765625
705958,86.97200775146484,60.886207580566406,60.886207580566406
705959,87.08273315429688,60.73967361450195,60.73967361450195
705960,87.20001220703125,60.60184860229492,60.60184860229492
705961,87.28369903564453,60.508914947509766,60.508914947509766
705962,87.33114624023438,60.41425704956055,60.41425704956055
705963,87.37110900878906,60.31776809692383,60.31776809692383
705964,87.3479232788086,60.2222785949707,60.2222785949707
705965,87.3035659790039,60.09260177612305,60.09260177612305
705966,87.19102478027344,60.06948471069336,60.06948471069336
705967,86.93110656738281,59.80799865722656,59.80799865722656
705968,86.48272705078125,59.63782501220703,59.63782501220703
705969,86.4594497680664,59.49049377441406,59.49049377441406
705970,86.2631607055664,59.45732116699219,59.45732116699219
705971,85.8272705078125,60.19737243652344,60.19737243652344
705972,85.46867370605469,60.25030517578125,60.25030517578125
705973,85.05760955810547,62.49456024169922,62.49456024169922
705974,84.406005859375,65.77439880371094,65.77439880371094
705975,83.93931579589844,66.59530639648438,66.59530639648438
705976,83.58942413330078,66.85173034667969,66.85173034667969
705977,83.04619598388672,68.25611114501953,68.25611114501953
705978,82.86620330810547,68.87873840332031,68.87873840332031
705979,82.8117904663086,69.80184936523438,69.80184936523438
705980,82.87488555908203,70.04689025878906,70.04689025878906
705981,83.09217071533203,70.5429458618164,70.5429458618164
705982,83.29335021972656,70.75463104248047,70.75463104248047
705983,83.59184265136719,71.05256652832031,71.05256652832031
705984,85.4788589477539,74.05958557128906,74.05958557128906
705985,85.44225311279297,74.23118591308594,74.23118591308594
705986,85.23204803466797,73.88359832763672,73.88359832763672
705987,83.90234375,68.20314025878906,68.20314025878906
705988,83.41324615478516,65.085205078125,65.085205078125
705989,83.71286010742188,63.436283111572266,63.436283111572266
705990,84.21072387695312,61.997169494628906,61.997169494628906
705991,84.39128112792969,61.29789733886719,61.29789733886719
705992,85.1083755493164,61.135040283203125,61.135040283203125
705993,86.40453338623047,61.45415115356445,61.45415115356445
705994,87.89479064941406,59.530494689941406,59.530494689941406
705995,88.13121795654297,58.60643768310547,58.60643768310547
705996,88.89842987060547,56.29865646362305,56.29865646362305
705997,90.89360046386719,54.47748947143555,54.47748947143555
705998,88.22600555419922,54.47274398803711,54.47274398803711
705999,86.26310729980469,54.911109924316406,54.911109924316406
706000,85.94182586669922,54.97950744628906,54.97950744628906
706001,85.66805267333984,55.041419982910156,55.041419982910156
706002,85.40032196044922,55.07175064086914,55.07175064086914
706003,85.27435302734375,55.10612487792969,55.10612487792969
706004,85.17459106445312,55.04417419433594,55.04417419433594
706005,85.09526062011719,54.8989372253418,54.8989372253418
706006,85.01655578613281,54.55179214477539,54.55179214477539
706007,84.97374725341797,54.30841064453125,54.30841064453125
706008,84.83036804199219,54.00701141357422,54.00701141357422
706009,84.6174087524414,53.656551361083984,53.656551361083984
706010,84.67366790771484,52.759376525878906,52.759376525878906
706011,84.3492202758789,52.20695877075195,52.20695877075195
706012,83.97328186035156,51.373451232910156,51.373451232910156
706013,83.42019653320312,51.369842529296875,51.369842529296875
706014,82.89764404296875,51.50680923461914,51.50680923461914
706015,81.44972229003906,54.119930267333984,54.119930267333984
706016,80.49518585205078,53.25675964355469,53.25675964355469
706017,78.79579162597656,57.511268615722656,57.511268615722656
706018,78.1329116821289,59.10432434082031,59.10432434082031
706019,77.92135620117188,61.04957962036133,61.04957962036133
706020,78.15727996826172,62.71590805053711,62.71590805053711
706021,79.1269302368164,64.80597686767578,64.80597686767578
706022,80.05244445800781,66.21514129638672,66.21514129638672
706023,81.3358154296875,68.54762268066406,68.54762268066406
706024,81.8963851928711,69.4454116821289,69.4454116821289
706025,81.86042785644531,66.68888092041016,66.68888092041016
706026,82.19575500488281,65.38558959960938,65.38558959960938
706027,82.53289031982422,64.49954223632812,64.49954223632812
706028,82.99641418457031,63.98638153076172,63.98638153076172
706029,83.82101440429688,63.34468078613281,63.34468078613281
706030,84.31855010986328,62.35323715209961,62.35323715209961
706031,85.36270904541016,61.47376251220703,61.47376251220703
706032,87.16270446777344,57.575653076171875,57.575653076171875
706033,86.79769897460938,57.512794494628906,57.512794494628906
706034,85.95716094970703,57.31420135498047,57.31420135498047
706035,85.45315551757812,57.79960632324219,57.79960632324219
706036,85.08384704589844,58.50975799560547,58.50975799560547
706037,84.67041778564453,58.65682601928711,58.65682601928711
706038,84.35382080078125,58.748268127441406,58.748268127441406
706039,84.15950775146484,58.94029235839844,58.94029235839844
706040,83.75297546386719,58.688777923583984,58.688777923583984
706041,83.51958465576172,58.57347869873047,58.57347869873047
706042,83.14268493652344,58.43699645996094,58.43699645996094
706043,82.91036987304688,58.161258697509766,58.161258697509766
706044,82.51383209228516,58.048301696777344,58.048301696777344
706045,81.77824401855469,58.191341400146484,58.191341400146484
706046,80.75236511230469,58.891780853271484,58.891780853271484
706047,79.68778228759766,59.2012939453125,59.2012939453125
706048,78.41934967041016,59.58334732055664,59.58334732055664
706049,77.7524642944336,62.14463424682617,62.14463424682617
706050,76.54048919677734,62.24470138549805,62.24470138549805
706051,75.798583984375,63.72256088256836,63.72256088256836
706052,75.34414672851562,64.81829071044922,64.81829071044922
706053,75.04534912109375,66.0118637084961,66.0118637084961
706054,74.89142608642578,66.58960723876953,66.58960723876953
706055,75.19542694091797,67.81756591796875,67.81756591796875
706056,75.4087142944336,69.01237487792969,69.01237487792969
706057,75.73668670654297,69.75450134277344,69.75450134277344
706058,77.02068328857422,71.41837310791016,71.41837310791016
706059,78.24803161621094,68.90702819824219,68.90702819824219
706060,79.29052734375,67.3428955078125,67.3428955078125
706061,81.40323638916016,65.65796661376953,65.65796661376953
706062,82.63949584960938,66.34022521972656,66.34022521972656
706063,83.53508758544922,65.10894012451172,65.10894012451172
706064,84.17115020751953,63.06346893310547,63.06346893310547
706065,84.09483337402344,61.2411994934082,61.2411994934082
706066,84.2867660522461,60.497989654541016,60.497989654541016
706067,84.49082946777344,59.736942291259766,59.736942291259766
706068,84.40744018554688,59.033199310302734,59.033199310302734
706069,84.6750259399414,58.99306106567383,58.99306106567383
706070,84.7531967163086,58.983009338378906,58.983009338378906
706071,84.58627319335938,58.809261322021484,58.809261322021484
706072,84.3434829711914,58.68415069580078,58.68415069580078
706073,83.92230224609375,58.38304138183594,58.38304138183594
706074,83.76144409179688,58.18533706665039,58.18533706665039
706075,83.50316619873047,58.10776138305664,58.10776138305664
706076,83.25189971923828,57.91203308105469,57.91203308105469
706077,83.21184539794922,57.8154182434082,57.8154182434082
706078,82.89054107666016,57.46690368652344,57.46690368652344
706079,81.45354461669922,56.26242446899414,56.26242446899414
706080,81.09403991699219,56.21754837036133,56.21754837036133
706081,80.72909545898438,57.403533935546875,57.403533935546875
706082,80.51223754882812,60.84030532836914,60.84030532836914
706083,79.99434661865234,60.53166580200195,60.53166580200195
706084,79.3562240600586,60.1545524597168,60.1545524597168
706085,78.65824127197266,59.99531936645508,59.99531936645508
706086,78.13522338867188,60.0961799621582,60.0961799621582
706087,77.48302459716797,60.5859489440918,60.5859489440918
706088,77.01043701171875,61.66721725463867,61.66721725463867
706089,76.79446411132812,63.210262298583984,63.210262298583984
706090,76.70342254638672,64.93946075439453,64.93946075439453
706091,77.15262603759766,67.63253021240234,67.63253021240234
706092,77.3284683227539,69.54695129394531,69.54695129394531
706093,77.47152709960938,69.97156524658203,69.97156524658203
706094,77.7592544555664,70.66790771484375,70.66790771484375
706095,78.34547424316406,71.97561645507812,71.97561645507812
706096,78.43189239501953,72.36962127685547,72.36962127685547
706097,78.43804168701172,72.6513671875,72.6513671875
706098,78.35640716552734,72.85285949707031,72.85285949707031
706099,78.43186950683594,73.05735778808594,73.05735778808594
706100,77.3189926147461,70.47846984863281,70.47846984863281
706101,76.85911560058594,68.04822540283203,68.04822540283203
706102,76.4165267944336,68.3967056274414,68.3967056274414
706103,76.34614562988281,68.40148162841797,68.40148162841797
706104,76.25959014892578,68.3730697631836,68.3730697631836
706105,76.03084564208984,68.03422546386719,68.03422546386719
706106,75.85990905761719,67.78558349609375,67.78558349609375
706107,75.76873016357422,67.63497161865234,67.63497161865234
706108,75.75302124023438,67.4633560180664,67.4633560180664
706109,75.70929718017578,67.39311981201172,67.39311981201172
706110,75.66263580322266,67.3506088256836,67.3506088256836
706111,75.60797119140625,67.30113220214844,67.30113220214844
706112,75.59114074707031,67.52606201171875,67.52606201171875
706113,75.52810668945312,67.79253387451172,67.79253387451172
706114,75.45369720458984,68.0040283203125,68.0040283203125
706115,75.41615295410156,68.22782135009766,68.22782135009766
706116,75.32764434814453,68.37931060791016,68.37931060791016
706117,75.17253112792969,68.42083740234375,68.42083740234375
706118,75.05659484863281,68.44105529785156,68.44105529785156
706119,75.03361511230469,68.49667358398438,68.49667358398438
706120,74.9936752319336,68.5946044921875,68.5946044921875
706121,74.8542251586914,68.3038101196289,68.3038101196289
706122,74.69908905029297,67.91260528564453,67.91260528564453
706123,74.5858154296875,67.74822235107422,67.74822235107422
706124,74.41480255126953,67.64048767089844,67.64048767089844
706125,74.31832885742188,67.66338348388672,67.66338348388672
706126,74.11077880859375,67.15278625488281,67.15278625488281
706127,74.06330871582031,67.078857421875,67.078857421875
706128,73.98147583007812,67.0197525024414,67.0197525024414
706129,73.91213989257812,67.01317596435547,67.01317596435547
706130,73.83065032958984,67.09591674804688,67.09591674804688
706131,73.75682830810547,67.21648406982422,67.21648406982422
706132,73.56459045410156,67.4850082397461,67.4850082397461
706133,73.35411834716797,67.7159194946289,67.7159194946289
706134,73.22311401367188,68.00228118896484,68.00228118896484
706135,73.05110168457031,68.36640930175781,68.36640930175781
706136,72.81787872314453,68.73859405517578,68.73859405517578
706137,72.54680633544922,69.0862045288086,69.0862045288086
706138,72.0066146850586,69.71394348144531,69.71394348144531
706139,71.790283203125,69.85823822021484,69.85823822021484
706140,71.63459777832031,69.88561248779297,69.88561248779297
706141,71.41487884521484,69.87504577636719,69.87504577636719
706142,70.88072204589844,70.19525909423828,70.19525909423828
706143,70.5185317993164,70.28540802001953,70.28540802001953
706144,69.80955505371094,70.26920318603516,70.26920318603516
706145,69.41905975341797,70.28092193603516,70.28092193603516
706146,68.95199584960938,70.62857055664062,70.62857055664062
706147,68.63142395019531,71.1346664428711,71.1346664428711
706148,68.19058990478516,71.70980072021484,71.70980072021484
706149,67.18109130859375,71.12853240966797,71.12853240966797
706150,66.34355926513672,71.20216369628906,71.20216369628906
706151,65.8548583984375,71.59477996826172,71.59477996826172
706152,65.48702239990234,72.6961669921875,72.6961669921875
706153,65.28771209716797,73.81159210205078,73.81159210205078
706154,64.84597778320312,74.70204162597656,74.70204162597656
706155,64.3707504272461,75.82902526855469,75.82902526855469
706156,63.83322525024414,76.65946197509766,76.65946197509766
706157,62.45832443237305,77.40687561035156,77.40687561035156
706158,60.512107849121094,77.70903778076172,77.70903778076172
706159,58.760921478271484,77.39521789550781,77.39521789550781
706160,57.08503341674805,76.87580871582031,76.87580871582031
706161,55.90627670288086,77.22472381591797,77.22472381591797
706162,54.89132308959961,77.11165618896484,77.11165618896484
706163,51.203033447265625,76.53990173339844,76.53990173339844
706164,50.9505615234375,77.7093276977539,77.7093276977539
706165,50.76729202270508,80.15675354003906,80.15675354003906
706166,50.6744270324707,81.49079895019531,81.49079895019531
706167,50.504634857177734,83.49800872802734,83.49800872802734
706168,50.62117385864258,85.39337158203125,85.39337158203125
706169,50.79672622680664,86.99877166748047,86.99877166748047
706170,51.65277099609375,86.1455078125,86.1455078125
706171,49.97171401977539,86.01937866210938,86.01937866210938
706172,49.014129638671875,86.0189208984375,86.0189208984375
706173,48.83543395996094,86.34224700927734,86.34224700927734
706174,48.67763900756836,86.55950927734375,86.55950927734375
706175,48.5501594543457,86.90902709960938,86.90902709960938
706176,48.51432800292969,87.68589782714844,87.68589782714844
706177,48.820152282714844,88.885009765625,88.885009765625
706178,49.03627014160156,89.6869125366211,89.6869125366211
706179,49.18161392211914,90.0973129272461,90.0973129272461
706180,49.2153434753418,90.36808013916016,90.36808013916016
706181,49.581077575683594,90.66503143310547,90.66503143310547
706182,50.118492126464844,90.25877380371094,90.25877380371094
706183,50.38473129272461,90.11315155029297,90.11315155029297
706184,50.93974685668945,89.85453033447266,89.85453033447266
706185,53.803192138671875,90.91512298583984,90.91512298583984
706186,54.321876525878906,91.17182922363281,91.17182922363281
706187,56.75738525390625,90.92520904541016,90.92520904541016
706188,57.31736373901367,90.821044921875,90.821044921875
706189,57.844486236572266,90.549072265625,90.549072265625
706190,57.50666427612305,89.01301574707031,89.01301574707031
706191,57.18571472167969,86.74551391601562,86.74551391601562
706192,57.15560531616211,84.54459381103516,84.54459381103516
706193,57.255123138427734,83.04871368408203,83.04871368408203
706194,57.220523834228516,81.75080871582031,81.75080871582031
706195,57.38984298706055,79.77261352539062,79.77261352539062
706196,57.94666290283203,78.57515716552734,78.57515716552734
706197,57.84690475463867,75.93650817871094,75.93650817871094
706198,57.94672775268555,74.08269500732422,74.08269500732422
706199,58.11735534667969,72.72941589355469,72.72941589355469
706200,58.13910675048828,71.41900634765625,71.41900634765625
706201,57.5087776184082,69.67536163330078,69.67536163330078
706202,57.061767578125,68.18524932861328,68.18524932861328
706203,56.800899505615234,67.02375793457031,67.02375793457031
706204,56.579158782958984,65.54434967041016,65.54434967041016
706205,55.676021575927734,63.30615234375,63.30615234375
706206,54.61271667480469,60.90381622314453,60.90381622314453
706207,53.433712005615234,57.93907165527344,57.93907165527344
706208,51.98945236206055,57.896942138671875,57.896942138671875
706209,52.359500885009766,57.358375549316406,57.358375549316406
706210,52.02296447753906,55.760372161865234,55.760372161865234
706211,51.692115783691406,55.098236083984375,55.098236083984375
706212,50.42058563232422,53.2587890625,53.2587890625
706213,49.14401626586914,51.17490768432617,51.17490768432617
706214,48.40568923950195,50.07672119140625,50.07672119140625
706215,48.636192321777344,50.648529052734375,50.648529052734375
706216,47.72138214111328,49.280174255371094,49.280174255371094
706217,46.92628860473633,48.35635757446289,48.35635757446289
706218,47.21405792236328,48.52370834350586,48.52370834350586
706219,47.1241455078125,48.70822525024414,48.70822525024414
706220,47.24771499633789,49.6341552734375,49.6341552734375
706221,46.429744720458984,48.092994689941406,48.092994689941406
706222,46.13351058959961,46.829193115234375,46.829193115234375
706223,44.984039306640625,44.98462677001953,44.98462677001953
706224,44.7430305480957,44.75511169433594,44.75511169433594
706225,44.33415603637695,44.67049789428711,44.67049789428711
706226,43.45152282714844,43.44704818725586,43.44704818725586
706227,42.77920913696289,42.75950622558594,42.75950622558594
706228,42.226104736328125,41.91691589355469,41.91691589355469
706229,41.61598587036133,41.377784729003906,41.377784729003906
706230,40.88743209838867,40.71889877319336,40.71889877319336
706231,40.2556037902832,40.40729904174805,40.40729904174805
706232,39.45448684692383,39.90986251831055,39.90986251831055
706233,39.666072845458984,39.82758712768555,39.82758712768555
706234,39.517608642578125,40.86772155761719,40.86772155761719
706235,38.763919830322266,41.0173454284668,41.0173454284668
706236,38.726436614990234,41.07646179199219,41.07646179199219
706237,38.441734313964844,42.16630554199219,42.16630554199219
706238,40.09316635131836,47.79572677612305,47.79572677612305
706239,40.93601989746094,49.645355224609375,49.645355224609375
706240,42.06646728515625,50.671810150146484,50.671810150146484
706241,42.81544876098633,51.88460159301758,51.88460159301758
706242,43.00625991821289,52.31596374511719,52.31596374511719
706243,44.193058013916016,47.347503662109375,47.347503662109375
706244,44.60309982299805,42.86924743652344,42.86924743652344
706245,44.89863204956055,40.033267974853516,40.033267974853516
706246,45.81764602661133,40.47911834716797,40.47911834716797
706247,46.50695037841797,40.5497932434082,40.5497932434082
706248,46.765472412109375,39.274192810058594,39.274192810058594
706249,46.94901657104492,38.63909149169922,38.63909149169922
706250,39.226898193359375,40.25018310546875,40.25018310546875
706251,43.854061126708984,46.29256057739258,46.29256057739258
706252,45.91973114013672,49.648197174072266,49.648197174072266
706253,47.76705551147461,52.72954559326172,52.72954559326172
706254,48.48242950439453,55.786075592041016,55.786075592041016
706255,48.95978927612305,57.54020309448242,57.54020309448242
706256,47.36355209350586,54.42696762084961,54.42696762084961
706257,45.497222900390625,52.381813049316406,52.381813049316406
706258,44.7418327331543,51.00386428833008,51.00386428833008
706259,42.973907470703125,58.121768951416016,58.121768951416016
706260,42.00000762939453,61.92440414428711,61.92440414428711
706261,42.00625228881836,64.80489349365234,64.80489349365234
706262,41.961097717285156,66.78302001953125,66.78302001953125
706263,42.35185241699219,68.48543548583984,68.48543548583984
706264,43.218597412109375,70.65640258789062,70.65640258789062
706265,42.6210823059082,71.00554656982422,71.00554656982422
706266,42.63868713378906,71.64118957519531,71.64118957519531
706267,42.740726470947266,73.31377410888672,73.31377410888672
706268,43.260379791259766,75.19293212890625,75.19293212890625
706269,43.30836868286133,76.26539611816406,76.26539611816406
706270,43.71426010131836,77.36798858642578,77.36798858642578
706271,43.079437255859375,77.91986846923828,77.91986846923828
706272,44.02271270751953,80.13654327392578,80.13654327392578
706273,44.369449615478516,81.15605163574219,81.15605163574219
706274,45.877540588378906,85.7529525756836,85.7529525756836
706275,47.97213363647461,90.0925064086914,90.0925064086914
706276,51.27248001098633,97.97651672363281,97.97651672363281
706277,50.56739807128906,97.52337646484375,97.52337646484375
706278,49.260826110839844,96.15010070800781,96.15010070800781
706279,48.643890380859375,95.49842071533203,95.49842071533203
706280,47.44195556640625,93.57123565673828,93.57123565673828
706281,46.43954086303711,92.81675720214844,92.81675720214844
706282,46.080326080322266,93.22085571289062,93.22085571289062
706283,46.4600944519043,94.38430786132812,94.38430786132812
706284,47.1185302734375,95.09730529785156,95.09730529785156
706285,47.99406051635742,97.03166961669922,97.03166961669922
706286,48.46849822998047,97.63154602050781,97.63154602050781
706287,48.987083435058594,98.03279113769531,98.03279113769531
706288,50.04528045654297,99.69889831542969,99.69889831542969
706289,51.20853805541992,100.82256317138672,100.82256317138672
706290,52.43887710571289,102.1683120727539,102.1683120727539
706291,53.06587219238281,102.87371063232422,102.87371063232422
706292,53.953773498535156,103.87406921386719,103.87406921386719
706293,54.71726608276367,104.99989318847656,104.99989318847656
706294,55.200260162353516,105.87279510498047,105.87279510498047
706295,55.853919982910156,107.02677154541016,107.02677154541016
706296,56.20014190673828,108.2716064453125,108.2716064453125
706297,56.17716598510742,108.78833770751953,108.78833770751953
706298,55.00455093383789,108.01583862304688,108.01583862304688
706299,55.36318588256836,107.5724868774414,107.5724868774414
706300,55.742671966552734,107.27783203125,107.27783203125
706301,55.040470123291016,106.2464599609375,106.2464599609375
706302,54.71121597290039,106.33817291259766,106.33817291259766
706303,54.07595443725586,106.42805480957031,106.42805480957031
706304,52.89017105102539,104.67750549316406,104.67750549316406
706305,51.842708587646484,103.12480926513672,103.12480926513672
706306,50.77138900756836,101.21372985839844,101.21372985839844
706307,49.37623977661133,99.9330825805664,99.9330825805664
706308,48.27174758911133,98.15428161621094,98.15428161621094
706309,47.564842224121094,97.00521850585938,97.00521850585938
706310,46.81928634643555,96.73278045654297,96.73278045654297
706311,45.451908111572266,95.99374389648438,95.99374389648438
706312,45.27377700805664,95.92237091064453,95.92237091064453
706313,44.2362174987793,95.28984832763672,95.28984832763672
706314,43.6710090637207,95.46800231933594,95.46800231933594
706315,43.87843704223633,96.02928924560547,96.02928924560547
706316,44.55021667480469,95.8051528930664,95.8051528930664
706317,45.060813903808594,96.2184066772461,96.2184066772461
706318,45.04838943481445,95.80062103271484,95.80062103271484
706319,45.182464599609375,94.9539794921875,94.9539794921875
706320,44.84886169433594,93.58585357666016,93.58585357666016
706321,44.44130325317383,93.10043334960938,93.10043334960938
706322,44.315826416015625,91.08088684082031,91.08088684082031
706323,44.08304977416992,90.36084747314453,90.36084747314453
706324,44.12693405151367,89.81726837158203,89.81726837158203
706325,43.66489791870117,89.08218383789062,89.08218383789062
706326,43.3630256652832,88.57196044921875,88.57196044921875
706327,40.97489929199219,82.52178192138672,82.52178192138672
706328,37.66435623168945,77.32102966308594,77.32102966308594
706329,35.940284729003906,73.89324951171875,73.89324951171875
706330,34.52613830566406,68.12751770019531,68.12751770019531
706331,34.26881408691406,65.29267120361328,65.29267120361328
706332,33.80024337768555,62.6768913269043,62.6768913269043
706333,33.94890594482422,60.74797821044922,60.74797821044922
706334,33.94163131713867,59.414031982421875,59.414031982421875
706335,34.264442443847656,57.02316665649414,57.02316665649414
706336,35.03124237060547,52.66036605834961,52.66036605834961
706337,36.286285400390625,49.59989929199219,49.59989929199219
706338,37.79601287841797,47.43415069580078,47.43415069580078
706339,38.14999771118164,46.34481430053711,46.34481430053711
706340,38.35503005981445,42.00480651855469,42.00480651855469
706341,38.86167907714844,38.174400329589844,38.174400329589844
706342,39.59308624267578,38.161380767822266,38.161380767822266
706343,40.07713317871094,36.8643684387207,36.8643684387207
706344,40.52437210083008,37.20887756347656,37.20887756347656
706345,40.61477279663086,37.37125015258789,37.37125015258789
706346,40.78724670410156,37.61137008666992,37.61137008666992
706347,41.540714263916016,37.21160125732422,37.21160125732422
706348,42.39200210571289,36.52741241455078,36.52741241455078
706349,44.66918182373047,39.044532775878906,39.044532775878906
706350,46.867496490478516,42.975379943847656,42.975379943847656
706351,49.010990142822266,45.50621795654297,45.50621795654297
706352,51.804931640625,47.7835578918457,47.7835578918457
706353,52.50739669799805,48.15092086791992,48.15092086791992
706354,53.820167541503906,48.081031799316406,48.081031799316406
706355,54.774742126464844,48.50151443481445,48.50151443481445
706356,55.931236267089844,48.6015739440918,48.6015739440918
706357,57.75590515136719,51.9046630859375,51.9046630859375
706358,59.1663932800293,53.41805648803711,53.41805648803711
706359,59.59700012207031,53.789573669433594,53.789573669433594
706360,60.18956756591797,53.56599807739258,53.56599807739258
706361,60.54001235961914,52.15376663208008,52.15376663208008
706362,60.6607551574707,50.359458923339844,50.359458923339844
706363,60.89861297607422,51.45991897583008,51.45991897583008
706364,62.50562286376953,54.03386688232422,54.03386688232422
706365,62.5341796875,53.663143157958984,53.663143157958984
706366,62.316871643066406,54.155704498291016,54.155704498291016
706367,62.57025146484375,55.623077392578125,55.623077392578125
706368,62.785465240478516,55.26318359375,55.26318359375
706369,62.63749313354492,53.619911193847656,53.619911193847656
706370,62.59958267211914,55.0950813293457,55.0950813293457
706371,62.62119674682617,55.557655334472656,55.557655334472656
706372,62.88751983642578,57.95123291015625,57.95123291015625
706373,63.34507369995117,60.1610107421875,60.1610107421875
706374,63.5240478515625,61.96199035644531,61.96199035644531
706375,63.569252014160156,62.73820495605469,62.73820495605469
706376,63.53465270996094,63.886348724365234,63.886348724365234
706377,63.33763122558594,64.75593566894531,64.75593566894531
706378,62.12173843383789,74.58712768554688,74.58712768554688
706379,61.68799591064453,78.02748107910156,78.02748107910156
706380,59.7390251159668,80.94236755371094,80.94236755371094
706381,56.39995574951172,79.91536712646484,79.91536712646484
706382,62.9488525390625,87.19759368896484,87.19759368896484
706383,62.96174621582031,87.58648681640625,87.58648681640625
706384,60.713836669921875,85.4319839477539,85.4319839477539
706385,57.01971435546875,83.84423065185547,83.84423065185547
706386,56.1390380859375,83.43859100341797,83.43859100341797
706387,55.12099838256836,84.16123962402344,84.16123962402344
706388,53.26832962036133,83.99388885498047,83.99388885498047
706389,52.062713623046875,83.60823822021484,83.60823822021484
706390,54.60006332397461,85.00570678710938,85.00570678710938
706391,54.309513092041016,85.38763427734375,85.38763427734375
706392,54.453948974609375,85.71773529052734,85.71773529052734
706393,53.99747848510742,85.94190216064453,85.94190216064453
706394,53.12762451171875,87.4292221069336,87.4292221069336
706395,52.92947769165039,88.95423889160156,88.95423889160156
706396,53.13465881347656,89.8815689086914,89.8815689086914
706397,53.401641845703125,91.45184326171875,91.45184326171875
706398,53.56037902832031,91.73744201660156,91.73744201660156
706399,53.08436965942383,91.1092529296875,91.1092529296875
706400,53.253055572509766,91.29473114013672,91.29473114013672
706401,53.629642486572266,92.60839080810547,92.60839080810547
706402,54.830772399902344,95.37339782714844,95.37339782714844
706403,55.44709014892578,97.18978118896484,97.18978118896484
706404,56.12339782714844,98.14534759521484,98.14534759521484
706405,56.350040435791016,98.59819793701172,98.59819793701172
706406,56.5908317565918,98.92939758300781,98.92939758300781
706407,56.93203353881836,99.09033966064453,99.09033966064453
706408,57.14218521118164,98.9684066772461,98.9684066772461
706409,57.35554122924805,99.32020568847656,99.32020568847656
706410,57.942325592041016,100.26775360107422,100.26775360107422
706411,58.2237434387207,100.82878875732422,100.82878875732422
706412,58.48373031616211,101.15338897705078,101.15338897705078
706413,58.483699798583984,101.31962585449219,101.31962585449219
706414,58.614688873291016,101.49381256103516,101.49381256103516
706415,58.7752685546875,101.19794464111328,101.19794464111328
706416,59.27458572387695,100.29153442382812,100.29153442382812
706417,59.93308639526367,99.5035400390625,99.5035400390625
706418,59.58894348144531,96.92350006103516,96.92350006103516
706419,59.564212799072266,96.06806182861328,96.06806182861328
706420,59.47026824951172,94.902099609375,94.902099609375
706421,59.37641525268555,94.63866424560547,94.63866424560547
706422,59.37544631958008,94.62915802001953,94.62915802001953
706423,60.79639434814453,95.45242309570312,95.45242309570312
706424,62.59003448486328,95.98355865478516,95.98355865478516
706425,64.00627136230469,94.38538360595703,94.38538360595703
706426,64.8135986328125,95.10540008544922,95.10540008544922
706427,64.95198059082031,92.76850128173828,92.76850128173828
706428,65.06043243408203,93.07676696777344,93.07676696777344
706429,65.046142578125,91.27625274658203,91.27625274658203
706430,65.24591064453125,81.08142852783203,81.08142852783203
706431,65.41898345947266,80.36019897460938,80.36019897460938
706432,65.28353118896484,79.34537506103516,79.34537506103516
706433,65.36176300048828,78.35812377929688,78.35812377929688
706434,65.35482788085938,78.0485610961914,78.0485610961914
706435,65.34989166259766,77.30306243896484,77.30306243896484
706436,65.34535217285156,76.77436065673828,76.77436065673828
706437,65.50818634033203,75.46487426757812,75.46487426757812
706438,65.29126739501953,73.0574951171875,73.0574951171875
706439,64.99124145507812,71.45035552978516,71.45035552978516
706440,64.6790542602539,70.1683578491211,70.1683578491211
706441,64.02352142333984,66.361572265625,66.361572265625
706442,63.81751251220703,63.52153396606445,63.52153396606445
706443,63.889034271240234,63.779537200927734,63.779537200927734
706444,63.660858154296875,62.42613220214844,62.42613220214844
706445,63.3060302734375,59.88306427001953,59.88306427001953
706446,64.28630065917969,57.932472229003906,57.932472229003906
706447,64.25055694580078,57.311424255371094,57.311424255371094
706448,66.27377319335938,60.327091217041016,60.327091217041016
706449,66.77823638916016,62.102928161621094,62.102928161621094
706450,67.19525909423828,63.13312911987305,63.13312911987305
706451,67.43479919433594,63.09290313720703,63.09290313720703
706452,67.5511245727539,63.026859283447266,63.026859283447266
706453,67.7732162475586,62.879112243652344,62.879112243652344
706454,67.986328125,62.88218688964844,62.88218688964844
706455,68.2201156616211,62.903778076171875,62.903778076171875
706456,68.5051040649414,63.04807662963867,63.04807662963867
706457,68.9983901977539,63.10347366333008,63.10347366333008
706458,69.75826263427734,62.935157775878906,62.935157775878906
706459,70.28095245361328,63.03130340576172,63.03130340576172
706460,71.1618881225586,62.08852005004883,62.08852005004883
706461,71.76737976074219,61.78205108642578,61.78205108642578
706462,73.98733520507812,60.280521392822266,60.280521392822266
706463,75.04995727539062,59.61522674560547,59.61522674560547
706464,76.120849609375,58.967018127441406,58.967018127441406
706465,77.13795471191406,58.735069274902344,58.735069274902344
706466,79.24451446533203,58.57394027709961,58.57394027709961
706467,80.23580932617188,58.38036346435547,58.38036346435547
706468,81.01634979248047,57.91816711425781,57.91816711425781
706469,83.12474060058594,56.130531311035156,56.130531311035156
706470,84.12061309814453,55.865745544433594,55.865745544433594
706471,85.06593322753906,55.868370056152344,55.868370056152344
706472,86.28553009033203,55.15984344482422,55.15984344482422
706473,87.23104095458984,54.82316589355469,54.82316589355469
706474,88.24531555175781,54.736656188964844,54.736656188964844
706475,89.59318542480469,57.15120315551758,57.15120315551758
706476,90.83834838867188,57.76660919189453,57.76660919189453
706477,92.08622741699219,57.66586685180664,57.66586685180664
706478,97.30168151855469,55.91952133178711,55.91952133178711
706479,97.46028137207031,56.2418327331543,56.2418327331543
706480,97.59893798828125,56.21590805053711,56.21590805053711
706481,97.83776092529297,56.19159698486328,56.19159698486328
706482,98.34529876708984,55.89095687866211,55.89095687866211
706483,99.00404357910156,55.05455780029297,55.05455780029297
706484,99.72369384765625,54.54707336425781,54.54707336425781
706485,100.40115356445312,54.244102478027344,54.244102478027344
706486,101.45447540283203,53.825984954833984,53.825984954833984
706487,101.9325942993164,53.585323333740234,53.585323333740234
706488,102.62175750732422,55.11349105834961,55.11349105834961
706489,103.16403198242188,55.2569580078125,55.2569580078125
706490,103.36770629882812,55.03414535522461,55.03414535522461
706491,103.54792785644531,54.63526916503906,54.63526916503906
706492,103.58604431152344,54.398704528808594,54.398704528808594
706493,103.5447006225586,54.2780876159668,54.2780876159668
706494,103.28838348388672,54.06269454956055,54.06269454956055
706495,102.60283660888672,53.7995719909668,53.7995719909668
706496,101.69943237304688,53.34959030151367,53.34959030151367
706497,100.94641876220703,53.10424041748047,53.10424041748047
706498,99.97013854980469,53.051185607910156,53.051185607910156
706499,98.68226623535156,53.185890197753906,53.185890197753906
706500,96.87409973144531,54.46755599975586,54.46755599975586
706501,94.82302856445312,56.01847457885742,56.01847457885742
706502,90.66594696044922,58.63283920288086,58.63283920288086
706503,88.38461303710938,59.7424430847168,59.7424430847168
706504,86.30802154541016,61.86458969116211,61.86458969116211
706505,81.599365234375,65.75739288330078,65.75739288330078
706506,79.33599090576172,67.05778503417969,67.05778503417969
706507,68.2717056274414,78.94628143310547,78.94628143310547
706508,64.50096130371094,84.41510009765625,84.41510009765625
706509,62.49955749511719,87.61921691894531,87.61921691894531
706510,60.466590881347656,90.87577056884766,90.87577056884766
706511,58.30476760864258,93.92068481445312,93.92068481445312
706512,56.4054069519043,97.40174865722656,97.40174865722656
706513,55.04276657104492,101.37422943115234,101.37422943115234
706514,53.025142669677734,104.24394226074219,104.24394226074219
706515,51.45441436767578,107.83440399169922,107.83440399169922
706516,50.04585266113281,111.90355682373047,111.90355682373047
706517,48.63800048828125,114.47750854492188,114.47750854492188
706518,47.87653350830078,116.37095642089844,116.37095642089844
706519,47.15786361694336,117.0404052734375,117.0404052734375
706520,46.15735626220703,117.58236694335938,117.58236694335938
706521,45.37641906738281,121.26071166992188,121.26071166992188
706522,44.75681686401367,130.7445831298828,130.7445831298828
706523,45.93787384033203,133.6859588623047,133.6859588623047
706524,45.41771697998047,139.08470153808594,139.08470153808594
706525,45.17204666137695,140.48822021484375,140.48822021484375
706526,44.519100189208984,141.52687072753906,141.52687072753906
706527,44.26966857910156,141.92727661132812,141.92727661132812
706528,48.969295501708984,145.96658325195312,145.96658325195312
706529,53.80189514160156,148.93153381347656,148.93153381347656
706530,56.526893615722656,149.84727478027344,149.84727478027344
706531,57.46091079711914,149.38748168945312,149.38748168945312
706532,60.33264923095703,152.91165161132812,152.91165161132812
706533,62.956607818603516,155.07127380371094,155.07127380371094
706534,66.37322998046875,157.51406860351562,157.51406860351562
706535,70.14808654785156,159.74769592285156,159.74769592285156
706536,75.05358123779297,161.7751922607422,161.7751922607422
706537,77.50733184814453,162.11228942871094,162.11228942871094
706538,81.49665069580078,160.7353515625,160.7353515625
706539,83.70209503173828,160.49850463867188,160.49850463867188
706540,87.07141876220703,159.59422302246094,159.59422302246094
706541,93.46876525878906,158.39840698242188,158.39840698242188
706542,95.64225006103516,158.06871032714844,158.06871032714844
706543,102.21847534179688,154.21923828125,154.21923828125
706544,104.60636138916016,152.7474365234375,152.7474365234375
706545,106.98863220214844,152.0478515625,152.0478515625
706546,110.15929412841797,150.48297119140625,150.48297119140625
706547,116.27264404296875,153.0025634765625,153.0025634765625
706548,121.92476654052734,153.5543975830078,153.5543975830078
706549,125.79300689697266,154.2327880859375,154.2327880859375
706550,127.7088394165039,154.97532653808594,154.97532653808594
706551,131.07611083984375,155.74635314941406,155.74635314941406
706552,138.1001739501953,154.25238037109375,154.25238037109375
706553,140.86524963378906,152.64915466308594,152.64915466308594
706554,139.9974365234375,152.09317016601562,152.09317016601562
706555,140.45846557617188,151.3074493408203,151.3074493408203
706556,142.79820251464844,147.3873291015625,147.3873291015625
706557,145.8948974609375,144.50900268554688,144.50900268554688
706558,147.68026733398438,143.0498046875,143.0498046875
706559,151.1661376953125,141.3329315185547,141.3329315185547
706560,152.89910888671875,141.6962432861328,141.6962432861328
706561,153.636474609375,142.11227416992188,142.11227416992188
706562,154.6761932373047,142.4408416748047,142.4408416748047
706563,153.79469299316406,141.96212768554688,141.96212768554688
706564,154.4427947998047,140.67161560058594,140.67161560058594
